"sample_id","label","bilingual_gloss","english","maori","source_id","source_url","license","signer_id","variant_id","recorded_date","local_relpath","verified_nzsl","verified_by","verification_notes","split_notes","remote_video_url"
"nzsl_online_arrive_1031_01","arrive","arrive / tae mai","Arrive","Tae mai","nzsl_online","https://www.nzsl.nz/signs/1031","CC BY-NC-SA 4.0","","1031_01","","starter_nzsl/data/raw/arrive/arrive.1031.main_glosses.mb.r480x360.mp4","true","codex_seed","Official NZSL Online entry 'arrive'","batch_02_seed","https://nzsl-signbank-media-production.s3.amazonaws.com/glossvideo/1031/arrive.1031.main_glosses.mb.r480x360.mp4"
"nzsl_online_arrive_1031_02","arrive","arrive / tae mai","Arrive","Tae mai","nzsl_online","https://www.nzsl.nz/signs/1031","CC BY-NC-SA 4.0","","1031_02","","starter_nzsl/data/raw/arrive/arrive.1031.finalexample1.mb.r480x360.mp4","true","codex_seed","Official NZSL Online entry 'arrive'","batch_02_seed","https://nzsl-signbank-media-production.s3.amazonaws.com/glossvideo/1031/arrive.1031.finalexample1.mb.r480x360.mp4"
"nzsl_online_bathroom_1439_01","bathroom","bathroom / wharepaku","Bathroom","Wharepaku","nzsl_online","https://www.nzsl.nz/signs/1439","CC BY-NC-SA 4.0","","1439_01","","starter_nzsl/data/raw/bathroom/bathroom.1439.main_glosses.jo.r480x360.mp4","true","codex_seed","Official NZSL Online entry 'bathroom'","batch_02_seed","https://nzsl-signbank-media-production.s3.amazonaws.com/glossvideo/1439/bathroom.1439.main_glosses.jo.r480x360.mp4"
"nzsl_online_bathroom_1439_02","bathroom","bathroom / wharepaku","Bathroom","Wharepaku","nzsl_online","https://www.nzsl.nz/signs/1439","CC BY-NC-SA 4.0","","1439_02","","starter_nzsl/data/raw/bathroom/bathroom.1439.finalexample1.jo.r480x360.mp4","true","codex_seed","Official NZSL Online entry 'bathroom'","batch_02_seed","https://nzsl-signbank-media-production.s3.amazonaws.com/glossvideo/1439/bathroom.1439.finalexample1.jo.r480x360.mp4"
"nzsl_online_bicycle_3521_01","bicycle","bicycle / paihikara","Bicycle","Paihikara","nzsl_online","https://www.nzsl.nz/signs/3521","CC BY-NC-SA 4.0","","3521_01","","starter_nzsl/data/raw/bicycle/bicycle.3521.main_glosses.jo.r480x360.mp4","true","codex_seed","Official NZSL Online entry 'bicycle, ride a bicycle'","batch_01_seed","https://nzsl-signbank-media-production.s3.amazonaws.com/glossvideo/3521/bicycle.3521.main_glosses.jo.r480x360.mp4"
"nzsl_online_bicycle_3521_02","bicycle","bicycle / paihikara","Bicycle","Paihikara","nzsl_online","https://www.nzsl.nz/signs/3521","CC BY-NC-SA 4.0","","3521_02","","starter_nzsl/data/raw/bicycle/bicycle.3521.finalexample1.jo.r480x360.mp4","true","codex_seed","Official NZSL Online entry 'bicycle, ride a bicycle'","batch_01_seed","https://nzsl-signbank-media-production.s3.amazonaws.com/glossvideo/3521/bicycle.3521.finalexample1.jo.r480x360.mp4"
"nzsl_online_bicycle_3521_03","bicycle","bicycle / paihikara","Bicycle","Paihikara","nzsl_online","https://www.nzsl.nz/signs/3521","CC BY-NC-SA 4.0","","3521_03","","starter_nzsl/data/raw/bicycle/bicycle.3521.finalexample2.mb.r480x360.mp4","true","codex_seed","Official NZSL Online entry 'bicycle, ride a bicycle'","batch_01_seed","https://nzsl-signbank-media-production.s3.amazonaws.com/glossvideo/3521/bicycle.3521.finalexample2.mb.r480x360.mp4"
"nzsl_online_bicycle_7050_01","bicycle","bicycle / paihikara","Bicycle","Paihikara","nzsl_online","https://www.nzsl.nz/signs/7050","CC BY-NC-SA 4.0","","7050_01","","starter_nzsl/data/raw/bicycle/bicycle.7050.main_glosses.jb.r480x360.mp4","true","codex_seed","Official NZSL Online entry 'bicycle, ride a bicycle'","batch_01_seed","https://nzsl-signbank-media-production.s3.amazonaws.com/glossvideo/7050/bicycle.7050.main_glosses.jb.r480x360.mp4"
"nzsl_online_bicycle_7050_02","bicycle","bicycle / paihikara","Bicycle","Paihikara","nzsl_online","https://www.nzsl.nz/signs/7050","CC BY-NC-SA 4.0","","7050_02","","starter_nzsl/data/raw/bicycle/bicycle.7050.finalexample1.jb.r480x360.mp4","true","codex_seed","Official NZSL Online entry 'bicycle, ride a bicycle'","batch_01_seed","https://nzsl-signbank-media-production.s3.amazonaws.com/glossvideo/7050/bicycle.7050.finalexample1.jb.r480x360.mp4"
"nzsl_online_bicycle_7050_03","bicycle","bicycle / paihikara","Bicycle","Paihikara","nzsl_online","https://www.nzsl.nz/signs/7050","CC BY-NC-SA 4.0","","7050_03","","starter_nzsl/data/raw/bicycle/bicycle.7050.finalexample2.jb.r480x360.mp4","true","codex_seed","Official NZSL Online entry 'bicycle, ride a bicycle'","batch_01_seed","https://nzsl-signbank-media-production.s3.amazonaws.com/glossvideo/7050/bicycle.7050.finalexample2.jb.r480x360.mp4"
"nzsl_online_boat_859_01","boat","boat / waka","Boat","Waka","nzsl_online","https://www.nzsl.nz/signs/859","CC BY-NC-SA 4.0","","859_01","","starter_nzsl/data/raw/boat/boat.859.main_glosses.mb.r480x360.mp4","true","codex_seed","Official NZSL Online entry 'boat, sail'","batch_03_seed","https://nzsl-signbank-media-production.s3.amazonaws.com/glossvideo/859/boat.859.main_glosses.mb.r480x360.mp4"
"nzsl_online_boat_859_02","boat","boat / waka","Boat","Waka","nzsl_online","https://www.nzsl.nz/signs/859","CC BY-NC-SA 4.0","","859_02","","starter_nzsl/data/raw/boat/boat.859.finalexample1.mb.r480x360.mp4","true","codex_seed","Official NZSL Online entry 'boat, sail'","batch_03_seed","https://nzsl-signbank-media-production.s3.amazonaws.com/glossvideo/859/boat.859.finalexample1.mb.r480x360.mp4"
"nzsl_online_boat_859_03","boat","boat / waka","Boat","Waka","nzsl_online","https://www.nzsl.nz/signs/859","CC BY-NC-SA 4.0","","859_03","","starter_nzsl/data/raw/boat/boat.859.finalexample2.mb.r480x360.mp4","true","codex_seed","Official NZSL Online entry 'boat, sail'","batch_03_seed","https://nzsl-signbank-media-production.s3.amazonaws.com/glossvideo/859/boat.859.finalexample2.mb.r480x360.mp4"
"nzsl_online_bridge_4483_01","bridge","bridge / piriti","Bridge","Piriti","nzsl_online","https://www.nzsl.nz/signs/4483","CC BY-NC-SA 4.0","","4483_01","","starter_nzsl/data/raw/bridge/bridge.4483.main_glosses.vs.r480x360.mp4","true","codex_seed","Official NZSL Online entry 'bridge'","batch_03_seed","https://nzsl-signbank-media-production.s3.amazonaws.com/glossvideo/4483/bridge.4483.main_glosses.vs.r480x360.mp4"
"nzsl_online_bridge_4483_02","bridge","bridge / piriti","Bridge","Piriti","nzsl_online","https://www.nzsl.nz/signs/4483","CC BY-NC-SA 4.0","","4483_02","","starter_nzsl/data/raw/bridge/bridge.4483.finalexample1.vs.r480x360.mp4","true","codex_seed","Official NZSL Online entry 'bridge'","batch_03_seed","https://nzsl-signbank-media-production.s3.amazonaws.com/glossvideo/4483/bridge.4483.finalexample1.vs.r480x360.mp4"
"nzsl_online_bridge_5424_01","bridge","bridge / piriti","Bridge","Piriti","nzsl_online","https://www.nzsl.nz/signs/5424","CC BY-NC-SA 4.0","","5424_01","","starter_nzsl/data/raw/bridge/bridge.5424.main_glosses.vs.r480x360.mp4","true","codex_seed","Official NZSL Online entry 'bridge'","batch_03_seed","https://nzsl-signbank-media-production.s3.amazonaws.com/glossvideo/5424/bridge.5424.main_glosses.vs.r480x360.mp4"
"nzsl_online_bridge_5424_02","bridge","bridge / piriti","Bridge","Piriti","nzsl_online","https://www.nzsl.nz/signs/5424","CC BY-NC-SA 4.0","","5424_02","","starter_nzsl/data/raw/bridge/bridge.5424.finalexample1.vs.r480x360.mp4","true","codex_seed","Official NZSL Online entry 'bridge'","batch_03_seed","https://nzsl-signbank-media-production.s3.amazonaws.com/glossvideo/5424/bridge.5424.finalexample1.vs.r480x360.mp4"
"nzsl_online_bus_3587_01","bus","bus / pahi","Bus","Pahi","nzsl_online","https://www.nzsl.nz/signs/3587","CC BY-NC-SA 4.0","","3587_01","","starter_nzsl/data/raw/bus/bus.3587.main_glosses.mb.r480x360.mp4","true","codex_seed","Official NZSL Online entry 'bus, truck'","batch_01_seed","https://nzsl-signbank-media-production.s3.amazonaws.com/glossvideo/3587/bus.3587.main_glosses.mb.r480x360.mp4"
"nzsl_online_bus_3587_02","bus","bus / pahi","Bus","Pahi","nzsl_online","https://www.nzsl.nz/signs/3587","CC BY-NC-SA 4.0","","3587_02","","starter_nzsl/data/raw/bus/bus.3587.finalexample1.jo.r480x360.mp4","true","codex_seed","Official NZSL Online entry 'bus, truck'","batch_01_seed","https://nzsl-signbank-media-production.s3.amazonaws.com/glossvideo/3587/bus.3587.finalexample1.jo.r480x360.mp4"
"nzsl_online_bus_3587_03","bus","bus / pahi","Bus","Pahi","nzsl_online","https://www.nzsl.nz/signs/3587","CC BY-NC-SA 4.0","","3587_03","","starter_nzsl/data/raw/bus/bus.3587.finalexample2.rp.r480x360.mp4","true","codex_seed","Official NZSL Online entry 'bus, truck'","batch_01_seed","https://nzsl-signbank-media-production.s3.amazonaws.com/glossvideo/3587/bus.3587.finalexample2.rp.r480x360.mp4"
"nzsl_online_car_3462_01","car","car / motoka","Car","Motoka","nzsl_online","https://www.nzsl.nz/signs/3462","CC BY-NC-SA 4.0","","3462_01","","starter_nzsl/data/raw/car/car.3462.main_glosses.mb.r480x360.mp4","true","codex_seed","Official NZSL Online entry 'car, drive'","batch_01_seed","https://nzsl-signbank-media-production.s3.amazonaws.com/glossvideo/3462/car.3462.main_glosses.mb.r480x360.mp4"
"nzsl_online_car_3462_02","car","car / motoka","Car","Motoka","nzsl_online","https://www.nzsl.nz/signs/3462","CC BY-NC-SA 4.0","","3462_02","","starter_nzsl/data/raw/car/car.3462.finalexample1.rp.r480x360.mp4","true","codex_seed","Official NZSL Online entry 'car, drive'","batch_01_seed","https://nzsl-signbank-media-production.s3.amazonaws.com/glossvideo/3462/car.3462.finalexample1.rp.r480x360.mp4"
"nzsl_online_car_3462_03","car","car / motoka","Car","Motoka","nzsl_online","https://www.nzsl.nz/signs/3462","CC BY-NC-SA 4.0","","3462_03","","starter_nzsl/data/raw/car/car.3462.finalexample2.mb.r480x360.mp4","true","codex_seed","Official NZSL Online entry 'car, drive'","batch_01_seed","https://nzsl-signbank-media-production.s3.amazonaws.com/glossvideo/3462/car.3462.finalexample2.mb.r480x360.mp4"
"nzsl_online_coach_744_01","coach","coach / pahi nui","Coach","Pahi nui","nzsl_online","https://www.nzsl.nz/signs/744","CC BY-NC-SA 4.0","","744_01","","starter_nzsl/data/raw/coach/coach.744.main_glosses.mb.r480x360.mp4","true","codex_seed","Official NZSL Online entry 'coach'","batch_02_seed","https://nzsl-signbank-media-production.s3.amazonaws.com/glossvideo/744/coach.744.main_glosses.mb.r480x360.mp4"
"nzsl_online_coach_744_02","coach","coach / pahi nui","Coach","Pahi nui","nzsl_online","https://www.nzsl.nz/signs/744","CC BY-NC-SA 4.0","","744_02","","starter_nzsl/data/raw/coach/coach.744.finalexample1.vs.r480x360.mp4","true","codex_seed","Official NZSL Online entry 'coach'","batch_02_seed","https://nzsl-signbank-media-production.s3.amazonaws.com/glossvideo/744/coach.744.finalexample1.vs.r480x360.mp4"
"nzsl_online_coach_744_03","coach","coach / pahi nui","Coach","Pahi nui","nzsl_online","https://www.nzsl.nz/signs/744","CC BY-NC-SA 4.0","","744_03","","starter_nzsl/data/raw/coach/coach.744.finalexample2.mb.r480x360.mp4","true","codex_seed","Official NZSL Online entry 'coach'","batch_02_seed","https://nzsl-signbank-media-production.s3.amazonaws.com/glossvideo/744/coach.744.finalexample2.mb.r480x360.mp4"
"nzsl_online_crossing_4538_01","crossing","crossing / ara whakawhiti","Crossing","Ara whakawhiti","nzsl_online","https://www.nzsl.nz/signs/4538","CC BY-NC-SA 4.0","","4538_01","","starter_nzsl/data/raw/crossing/pedestrian_crossing.4538.main_glosses.jo.r480x360.mp4","true","codex_seed","Official NZSL Online entry 'pedestrian crossing'","batch_03_seed","https://nzsl-signbank-media-production.s3.amazonaws.com/glossvideo/4538/pedestrian_crossing.4538.main_glosses.jo.r480x360.mp4"
"nzsl_online_crossing_4538_02","crossing","crossing / ara whakawhiti","Crossing","Ara whakawhiti","nzsl_online","https://www.nzsl.nz/signs/4538","CC BY-NC-SA 4.0","","4538_02","","starter_nzsl/data/raw/crossing/pedestrian_crossing.4538.finalexample1.jo.r480x360.mp4","true","codex_seed","Official NZSL Online entry 'pedestrian crossing'","batch_03_seed","https://nzsl-signbank-media-production.s3.amazonaws.com/glossvideo/4538/pedestrian_crossing.4538.finalexample1.jo.r480x360.mp4"
"nzsl_online_go_2582_01","go","go / haere","Go","Haere","nzsl_online","https://www.nzsl.nz/signs/2582","CC BY-NC-SA 4.0","","2582_01","","starter_nzsl/data/raw/go/go.2582.main_glosses.mb.r480x360.mp4","true","codex_seed","Official NZSL Online entry 'go'","batch_02_seed","https://nzsl-signbank-media-production.s3.amazonaws.com/glossvideo/2582/go.2582.main_glosses.mb.r480x360.mp4"
"nzsl_online_go_2582_02","go","go / haere","Go","Haere","nzsl_online","https://www.nzsl.nz/signs/2582","CC BY-NC-SA 4.0","","2582_02","","starter_nzsl/data/raw/go/go.2582.finalexample1.mb.r480x360.mp4","true","codex_seed","Official NZSL Online entry 'go'","batch_02_seed","https://nzsl-signbank-media-production.s3.amazonaws.com/glossvideo/2582/go.2582.finalexample1.mb.r480x360.mp4"
"nzsl_online_go_924_01","go","go / haere","Go","Haere","nzsl_online","https://www.nzsl.nz/signs/924","CC BY-NC-SA 4.0","","924_01","","starter_nzsl/data/raw/go/go.924.main_glosses.sp.r480x360.mp4","true","codex_seed","Official NZSL Online entry 'go'","batch_02_seed","https://nzsl-signbank-media-production.s3.amazonaws.com/glossvideo/924/go.924.main_glosses.sp.r480x360.mp4"
"nzsl_online_go_924_02","go","go / haere","Go","Haere","nzsl_online","https://www.nzsl.nz/signs/924","CC BY-NC-SA 4.0","","924_02","","starter_nzsl/data/raw/go/go.924.finalexample1.sp.r480x360.mp4","true","codex_seed","Official NZSL Online entry 'go'","batch_02_seed","https://nzsl-signbank-media-production.s3.amazonaws.com/glossvideo/924/go.924.finalexample1.sp.r480x360.mp4"
"nzsl_online_hello_6351_01","hello","hello / kia ora","Hello","Kia ora","nzsl_online","https://www.nzsl.nz/signs/6351","CC BY-NC-SA 4.0","","6351_01","","starter_nzsl/data/raw/hello/kia_ora.6351.main_glosses.sp.r480x360.mp4","true","codex_seed","Official NZSL Online entry 'kia ora'","batch_01_seed","https://nzsl-signbank-media-production.s3.amazonaws.com/glossvideo/6351/kia_ora.6351.main_glosses.sp.r480x360.mp4"
"nzsl_online_hello_6351_02","hello","hello / kia ora","Hello","Kia ora","nzsl_online","https://www.nzsl.nz/signs/6351","CC BY-NC-SA 4.0","","6351_02","","starter_nzsl/data/raw/hello/kia_ora.6351.finalexample1.sp.r480x360.mp4","true","codex_seed","Official NZSL Online entry 'kia ora'","batch_01_seed","https://nzsl-signbank-media-production.s3.amazonaws.com/glossvideo/6351/kia_ora.6351.finalexample1.sp.r480x360.mp4"
"nzsl_online_help_1123_01","help","help / awhina","Help","Awhina","nzsl_online","https://www.nzsl.nz/signs/1123","CC BY-NC-SA 4.0","","1123_01","","starter_nzsl/data/raw/help/help.1123.main_glosses.mb.r480x360.mp4","true","codex_seed","Official NZSL Online entry 'help'","batch_01_seed","https://nzsl-signbank-media-production.s3.amazonaws.com/glossvideo/1123/help.1123.main_glosses.mb.r480x360.mp4"
"nzsl_online_help_1123_02","help","help / awhina","Help","Awhina","nzsl_online","https://www.nzsl.nz/signs/1123","CC BY-NC-SA 4.0","","1123_02","","starter_nzsl/data/raw/help/help.1123.finalexample1.mb.r480x360.mp4","true","codex_seed","Official NZSL Online entry 'help'","batch_01_seed","https://nzsl-signbank-media-production.s3.amazonaws.com/glossvideo/1123/help.1123.finalexample1.mb.r480x360.mp4"
"nzsl_online_help_384_01","help","help / awhina","Help","Awhina","nzsl_online","https://www.nzsl.nz/signs/384","CC BY-NC-SA 4.0","","384_01","","starter_nzsl/data/raw/help/help.384.main_glosses.jo.r480x360.mp4","true","codex_seed","Official NZSL Online entry 'help'","batch_01_seed","https://nzsl-signbank-media-production.s3.amazonaws.com/glossvideo/384/help.384.main_glosses.jo.r480x360.mp4"
"nzsl_online_help_384_02","help","help / awhina","Help","Awhina","nzsl_online","https://www.nzsl.nz/signs/384","CC BY-NC-SA 4.0","","384_02","","starter_nzsl/data/raw/help/help.384.finalexample1.jo.r480x360.mp4","true","codex_seed","Official NZSL Online entry 'help'","batch_01_seed","https://nzsl-signbank-media-production.s3.amazonaws.com/glossvideo/384/help.384.finalexample1.jo.r480x360.mp4"
"nzsl_online_help_5091_01","help","help / awhina","Help","Awhina","nzsl_online","https://www.nzsl.nz/signs/5091","CC BY-NC-SA 4.0","","5091_01","","starter_nzsl/data/raw/help/help.5091.main_glosses.sp.r480x360.mp4","true","codex_seed","Official NZSL Online entry 'help'","batch_01_seed","https://nzsl-signbank-media-production.s3.amazonaws.com/glossvideo/5091/help.5091.main_glosses.sp.r480x360.mp4"
"nzsl_online_help_5091_02","help","help / awhina","Help","Awhina","nzsl_online","https://www.nzsl.nz/signs/5091","CC BY-NC-SA 4.0","","5091_02","","starter_nzsl/data/raw/help/help.5091.finalexample1.sp.r480x360.mp4","true","codex_seed","Official NZSL Online entry 'help'","batch_01_seed","https://nzsl-signbank-media-production.s3.amazonaws.com/glossvideo/5091/help.5091.finalexample1.sp.r480x360.mp4"
"nzsl_online_late_2757_01","late","late / tomuri","Late","Tomuri","nzsl_online","https://www.nzsl.nz/signs/2757","CC BY-NC-SA 4.0","","2757_01","","starter_nzsl/data/raw/late/late.2757.main_glosses.vs.r480x360.mp4","true","codex_seed","Official NZSL Online entry 'late'","batch_02_seed","https://nzsl-signbank-media-production.s3.amazonaws.com/glossvideo/2757/late.2757.main_glosses.vs.r480x360.mp4"
"nzsl_online_late_2757_02","late","late / tomuri","Late","Tomuri","nzsl_online","https://www.nzsl.nz/signs/2757","CC BY-NC-SA 4.0","","2757_02","","starter_nzsl/data/raw/late/late.2757.finalexample1.vs.r480x360.mp4","true","codex_seed","Official NZSL Online entry 'late'","batch_02_seed","https://nzsl-signbank-media-production.s3.amazonaws.com/glossvideo/2757/late.2757.finalexample1.vs.r480x360.mp4"
"nzsl_online_late_2758_01","late","late / tomuri","Late","Tomuri","nzsl_online","https://www.nzsl.nz/signs/2758","CC BY-NC-SA 4.0","","2758_01","","starter_nzsl/data/raw/late/late.2758.main_glosses.vs.r480x360.mp4","true","codex_seed","Official NZSL Online entry 'late'","batch_02_seed","https://nzsl-signbank-media-production.s3.amazonaws.com/glossvideo/2758/late.2758.main_glosses.vs.r480x360.mp4"
"nzsl_online_late_2758_02","late","late / tomuri","Late","Tomuri","nzsl_online","https://www.nzsl.nz/signs/2758","CC BY-NC-SA 4.0","","2758_02","","starter_nzsl/data/raw/late/late.2758.finalexample1.vs.r480x360.mp4","true","codex_seed","Official NZSL Online entry 'late'","batch_02_seed","https://nzsl-signbank-media-production.s3.amazonaws.com/glossvideo/2758/late.2758.finalexample1.vs.r480x360.mp4"
"nzsl_online_late_419_01","late","late / tomuri","Late","Tomuri","nzsl_online","https://www.nzsl.nz/signs/419","CC BY-NC-SA 4.0","","419_01","","starter_nzsl/data/raw/late/late.419.main_glosses.sh.r480x360.mp4","true","codex_seed","Official NZSL Online entry 'late'","batch_02_seed","https://nzsl-signbank-media-production.s3.amazonaws.com/glossvideo/419/late.419.main_glosses.sh.r480x360.mp4"
"nzsl_online_late_419_02","late","late / tomuri","Late","Tomuri","nzsl_online","https://www.nzsl.nz/signs/419","CC BY-NC-SA 4.0","","419_02","","starter_nzsl/data/raw/late/late.419.finalexample1.sh.r480x360.mp4","true","codex_seed","Official NZSL Online entry 'late'","batch_02_seed","https://nzsl-signbank-media-production.s3.amazonaws.com/glossvideo/419/late.419.finalexample1.sh.r480x360.mp4"
"nzsl_online_leave_432_01","leave","leave / wehe","Leave","Wehe","nzsl_online","https://www.nzsl.nz/signs/432","CC BY-NC-SA 4.0","","432_01","","starter_nzsl/data/raw/leave/left.432.main_glosses.vs.r480x360.mp4","true","codex_seed","Official NZSL Online entry 'leave'","batch_02_seed","https://nzsl-signbank-media-production.s3.amazonaws.com/glossvideo/432/left.432.main_glosses.vs.r480x360.mp4"
"nzsl_online_leave_432_02","leave","leave / wehe","Leave","Wehe","nzsl_online","https://www.nzsl.nz/signs/432","CC BY-NC-SA 4.0","","432_02","","starter_nzsl/data/raw/leave/left.432.finalexample1.vs.r480x360.mp4","true","codex_seed","Official NZSL Online entry 'leave'","batch_02_seed","https://nzsl-signbank-media-production.s3.amazonaws.com/glossvideo/432/left.432.finalexample1.vs.r480x360.mp4"
"nzsl_online_lift_234_01","lift","lift / hiki","Lift","Hiki","nzsl_online","https://www.nzsl.nz/signs/234","CC BY-NC-SA 4.0","","234_01","","starter_nzsl/data/raw/lift/lift.234.main_glosses.mb.r480x360.mp4","true","codex_seed","Official NZSL Online entry 'lift'","batch_01_seed","https://nzsl-signbank-media-production.s3.amazonaws.com/glossvideo/234/lift.234.main_glosses.mb.r480x360.mp4"
"nzsl_online_lift_234_02","lift","lift / hiki","Lift","Hiki","nzsl_online","https://www.nzsl.nz/signs/234","CC BY-NC-SA 4.0","","234_02","","starter_nzsl/data/raw/lift/lift.234.finalexample1.mb.r480x360.mp4","true","codex_seed","Official NZSL Online entry 'lift'","batch_01_seed","https://nzsl-signbank-media-production.s3.amazonaws.com/glossvideo/234/lift.234.finalexample1.mb.r480x360.mp4"
"nzsl_online_lift_4694_01","lift","lift / hiki","Lift","Hiki","nzsl_online","https://www.nzsl.nz/signs/4694","CC BY-NC-SA 4.0","","4694_01","","starter_nzsl/data/raw/lift/lift.4694.main_glosses.vs.r480x360.mp4","true","codex_seed","Official NZSL Online entry 'lift'","batch_01_seed","https://nzsl-signbank-media-production.s3.amazonaws.com/glossvideo/4694/lift.4694.main_glosses.vs.r480x360.mp4"
"nzsl_online_lift_4694_02","lift","lift / hiki","Lift","Hiki","nzsl_online","https://www.nzsl.nz/signs/4694","CC BY-NC-SA 4.0","","4694_02","","starter_nzsl/data/raw/lift/lift.4694.finalexample1.vs.r480x360.mp4","true","codex_seed","Official NZSL Online entry 'lift'","batch_01_seed","https://nzsl-signbank-media-production.s3.amazonaws.com/glossvideo/4694/lift.4694.finalexample1.vs.r480x360.mp4"
"nzsl_online_lift_508_01","lift","lift / hiki","Lift","Hiki","nzsl_online","https://www.nzsl.nz/signs/508","CC BY-NC-SA 4.0","","508_01","","starter_nzsl/data/raw/lift/lift.508.main_glosses.mb.r480x360.mp4","true","codex_seed","Official NZSL Online entry 'lift'","batch_01_seed","https://nzsl-signbank-media-production.s3.amazonaws.com/glossvideo/508/lift.508.main_glosses.mb.r480x360.mp4"
"nzsl_online_lift_508_02","lift","lift / hiki","Lift","Hiki","nzsl_online","https://www.nzsl.nz/signs/508","CC BY-NC-SA 4.0","","508_02","","starter_nzsl/data/raw/lift/lift.508.finalexample1.mb.r480x360.mp4","true","codex_seed","Official NZSL Online entry 'lift'","batch_01_seed","https://nzsl-signbank-media-production.s3.amazonaws.com/glossvideo/508/lift.508.finalexample1.mb.r480x360.mp4"
"nzsl_online_lift_934_01","lift","lift / hiki","Lift","Hiki","nzsl_online","https://www.nzsl.nz/signs/934","CC BY-NC-SA 4.0","","934_01","","starter_nzsl/data/raw/lift/lift.934.main_glosses.rp.r480x360.mp4","true","codex_seed","Official NZSL Online entry 'lift'","batch_01_seed","https://nzsl-signbank-media-production.s3.amazonaws.com/glossvideo/934/lift.934.main_glosses.rp.r480x360.mp4"
"nzsl_online_lift_934_02","lift","lift / hiki","Lift","Hiki","nzsl_online","https://www.nzsl.nz/signs/934","CC BY-NC-SA 4.0","","934_02","","starter_nzsl/data/raw/lift/lift.934.finalexample1.rp.r480x360.mp4","true","codex_seed","Official NZSL Online entry 'lift'","batch_01_seed","https://nzsl-signbank-media-production.s3.amazonaws.com/glossvideo/934/lift.934.finalexample1.rp.r480x360.mp4"
"nzsl_online_motorbike_3358_01","motorbike","motorbike / motopaika","Motorbike","Motopaika","nzsl_online","https://www.nzsl.nz/signs/3358","CC BY-NC-SA 4.0","","3358_01","","starter_nzsl/data/raw/motorbike/motor_bike.3358.main_glosses.mb.r480x360.mp4","true","codex_seed","Official NZSL Online entry 'motorbike'","batch_03_seed","https://nzsl-signbank-media-production.s3.amazonaws.com/glossvideo/3358/motor_bike.3358.main_glosses.mb.r480x360.mp4"
"nzsl_online_motorbike_3358_02","motorbike","motorbike / motopaika","Motorbike","Motopaika","nzsl_online","https://www.nzsl.nz/signs/3358","CC BY-NC-SA 4.0","","3358_02","","starter_nzsl/data/raw/motorbike/motor_bike.3358.finalexample1.mb.r480x360.mp4","true","codex_seed","Official NZSL Online entry 'motorbike'","batch_03_seed","https://nzsl-signbank-media-production.s3.amazonaws.com/glossvideo/3358/motor_bike.3358.finalexample1.mb.r480x360.mp4"
"nzsl_online_no_1464_01","no","no / kaore","No","Kaore","nzsl_online","https://www.nzsl.nz/signs/1464","CC BY-NC-SA 4.0","","1464_01","","starter_nzsl/data/raw/no/no.1464.main_glosses.vs.r480x360.mp4","true","codex_seed","Official NZSL Online entry 'no'","batch_02_seed","https://nzsl-signbank-media-production.s3.amazonaws.com/glossvideo/1464/no.1464.main_glosses.vs.r480x360.mp4"
"nzsl_online_no_1464_02","no","no / kaore","No","Kaore","nzsl_online","https://www.nzsl.nz/signs/1464","CC BY-NC-SA 4.0","","1464_02","","starter_nzsl/data/raw/no/no.1464.finalexample1.mb.r480x360.mp4","true","codex_seed","Official NZSL Online entry 'no'","batch_02_seed","https://nzsl-signbank-media-production.s3.amazonaws.com/glossvideo/1464/no.1464.finalexample1.mb.r480x360.mp4"
"nzsl_online_no_3272_01","no","no / kaore","No","Kaore","nzsl_online","https://www.nzsl.nz/signs/3272","CC BY-NC-SA 4.0","","3272_01","","starter_nzsl/data/raw/no/no.3272.main_glosses.sp.r480x360.mp4","true","codex_seed","Official NZSL Online entry 'no'","batch_02_seed","https://nzsl-signbank-media-production.s3.amazonaws.com/glossvideo/3272/no.3272.main_glosses.sp.r480x360.mp4"
"nzsl_online_no_3272_02","no","no / kaore","No","Kaore","nzsl_online","https://www.nzsl.nz/signs/3272","CC BY-NC-SA 4.0","","3272_02","","starter_nzsl/data/raw/no/no.3272.finalexample1.sp.r480x360.mp4","true","codex_seed","Official NZSL Online entry 'no'","batch_02_seed","https://nzsl-signbank-media-production.s3.amazonaws.com/glossvideo/3272/no.3272.finalexample1.sp.r480x360.mp4"
"nzsl_online_path_2804_01","path","path / ara","Path","Ara","nzsl_online","https://www.nzsl.nz/signs/2804","CC BY-NC-SA 4.0","","2804_01","","starter_nzsl/data/raw/path/road.2804.main_glosses.vs.r480x360.mp4","true","codex_seed","Official NZSL Online entry 'path, road'","batch_03_seed","https://nzsl-signbank-media-production.s3.amazonaws.com/glossvideo/2804/road.2804.main_glosses.vs.r480x360.mp4"
"nzsl_online_path_2804_02","path","path / ara","Path","Ara","nzsl_online","https://www.nzsl.nz/signs/2804","CC BY-NC-SA 4.0","","2804_02","","starter_nzsl/data/raw/path/road.2804.finalexample1.vs.r480x360.mp4","true","codex_seed","Official NZSL Online entry 'path, road'","batch_03_seed","https://nzsl-signbank-media-production.s3.amazonaws.com/glossvideo/2804/road.2804.finalexample1.vs.r480x360.mp4"
"nzsl_online_path_2804_03","path","path / ara","Path","Ara","nzsl_online","https://www.nzsl.nz/signs/2804","CC BY-NC-SA 4.0","","2804_03","","starter_nzsl/data/raw/path/road.2804.finalexample2.vs.r480x360.mp4","true","codex_seed","Official NZSL Online entry 'path, road'","batch_03_seed","https://nzsl-signbank-media-production.s3.amazonaws.com/glossvideo/2804/road.2804.finalexample2.vs.r480x360.mp4"
"nzsl_online_pay_3850_01","pay","pay / utu","Pay","Utu","nzsl_online","https://www.nzsl.nz/signs/3850","CC BY-NC-SA 4.0","","3850_01","","starter_nzsl/data/raw/pay/pay.3850.main_glosses.mb.r480x360.mp4","true","codex_seed","Official NZSL Online entry 'pay'","batch_02_seed","https://nzsl-signbank-media-production.s3.amazonaws.com/glossvideo/3850/pay.3850.main_glosses.mb.r480x360.mp4"
"nzsl_online_pay_3850_02","pay","pay / utu","Pay","Utu","nzsl_online","https://www.nzsl.nz/signs/3850","CC BY-NC-SA 4.0","","3850_02","","starter_nzsl/data/raw/pay/pay.3850.finalexample1.mb.r480x360.mp4","true","codex_seed","Official NZSL Online entry 'pay'","batch_02_seed","https://nzsl-signbank-media-production.s3.amazonaws.com/glossvideo/3850/pay.3850.finalexample1.mb.r480x360.mp4"
"nzsl_online_pay_3863_01","pay","pay / utu","Pay","Utu","nzsl_online","https://www.nzsl.nz/signs/3863","CC BY-NC-SA 4.0","","3863_01","","starter_nzsl/data/raw/pay/pay.3863.main_glosses.jo.r480x360.mp4","true","codex_seed","Official NZSL Online entry 'pay'","batch_02_seed","https://nzsl-signbank-media-production.s3.amazonaws.com/glossvideo/3863/pay.3863.main_glosses.jo.r480x360.mp4"
"nzsl_online_pay_3863_02","pay","pay / utu","Pay","Utu","nzsl_online","https://www.nzsl.nz/signs/3863","CC BY-NC-SA 4.0","","3863_02","","starter_nzsl/data/raw/pay/pay.3863.finalexample1.jo.r480x360.mp4","true","codex_seed","Official NZSL Online entry 'pay'","batch_02_seed","https://nzsl-signbank-media-production.s3.amazonaws.com/glossvideo/3863/pay.3863.finalexample1.jo.r480x360.mp4"
"nzsl_online_pay_8154_01","pay","pay / utu","Pay","Utu","nzsl_online","https://www.nzsl.nz/signs/8154","CC BY-NC-SA 4.0","","8154_01","","starter_nzsl/data/raw/pay/pay.8154.main_glosses.cd.r480x360.mp4","true","codex_seed","Official NZSL Online entry 'pay'","batch_02_seed","https://nzsl-signbank-media-production.s3.amazonaws.com/pay.8154.main_glosses.cd.r480x360.mp4"
"nzsl_online_pay_8154_02","pay","pay / utu","Pay","Utu","nzsl_online","https://www.nzsl.nz/signs/8154","CC BY-NC-SA 4.0","","8154_02","","starter_nzsl/data/raw/pay/pay.8154.finalexample1.cd.r480x360.mp4","true","codex_seed","Official NZSL Online entry 'pay'","batch_02_seed","https://nzsl-signbank-media-production.s3.amazonaws.com/pay.8154.finalexample1.cd.r480x360.mp4"
"nzsl_online_platform_6002_01","platform","platform / papa waka","Platform","Papa waka","nzsl_online","https://www.nzsl.nz/signs/6002","CC BY-NC-SA 4.0","","6002_01","","starter_nzsl/data/raw/platform/platform.6002.main_glosses.rp.r480x360.mp4","true","codex_seed","Official NZSL Online entry 'platform'","batch_01_seed","https://nzsl-signbank-media-production.s3.amazonaws.com/glossvideo/6002/platform.6002.main_glosses.rp.r480x360.mp4"
"nzsl_online_platform_6002_02","platform","platform / papa waka","Platform","Papa waka","nzsl_online","https://www.nzsl.nz/signs/6002","CC BY-NC-SA 4.0","","6002_02","","starter_nzsl/data/raw/platform/platform.6002.finalexample1.rp.r480x360.mp4","true","codex_seed","Official NZSL Online entry 'platform'","batch_01_seed","https://nzsl-signbank-media-production.s3.amazonaws.com/glossvideo/6002/platform.6002.finalexample1.rp.r480x360.mp4"
"nzsl_online_please_385_01","please","please / tena koa","Please","Tena koa","nzsl_online","https://www.nzsl.nz/signs/385","CC BY-NC-SA 4.0","","385_01","","starter_nzsl/data/raw/please/please.385.main_glosses.sp.r480x360.mp4","true","codex_seed","Official NZSL Online entry 'please'","batch_02_seed","https://nzsl-signbank-media-production.s3.amazonaws.com/glossvideo/385/please.385.main_glosses.sp.r480x360.mp4"
"nzsl_online_please_385_02","please","please / tena koa","Please","Tena koa","nzsl_online","https://www.nzsl.nz/signs/385","CC BY-NC-SA 4.0","","385_02","","starter_nzsl/data/raw/please/please.385.finalexample1.sp.r480x360.mp4","true","codex_seed","Official NZSL Online entry 'please'","batch_02_seed","https://nzsl-signbank-media-production.s3.amazonaws.com/glossvideo/385/please.385.finalexample1.sp.r480x360.mp4"
"nzsl_online_please_8974_01","please","please / tena koa","Please","Tena koa","nzsl_online","https://www.nzsl.nz/signs/8974","CC BY-NC-SA 4.0","","8974_01","","starter_nzsl/data/raw/please/please.8974.main_glosses.cd.r480x360.mp4","true","codex_seed","Official NZSL Online entry 'please'","batch_02_seed","https://nzsl-signbank-media-production.s3.amazonaws.com/please.8974.main_glosses.cd.r480x360.mp4"
"nzsl_online_please_8974_02","please","please / tena koa","Please","Tena koa","nzsl_online","https://www.nzsl.nz/signs/8974","CC BY-NC-SA 4.0","","8974_02","","starter_nzsl/data/raw/please/please.8974.finalexample1.cd.r480x360.mp4","true","codex_seed","Official NZSL Online entry 'please'","batch_02_seed","https://nzsl-signbank-media-production.s3.amazonaws.com/please.8974.finalexample1.cd.r480x360.mp4"
"nzsl_online_ramp_6140_01","ramp","ramp / arawhata","Ramp","Arawhata","nzsl_online","https://www.nzsl.nz/signs/6140","CC BY-NC-SA 4.0","","6140_01","","starter_nzsl/data/raw/ramp/ramp.6140.main_glosses.jt.r480x360.mp4","true","codex_seed","Official NZSL Online entry 'ramp, (go) uphill'","batch_01_seed","https://nzsl-signbank-media-production.s3.amazonaws.com/glossvideo/6140/ramp.6140.main_glosses.jt.r480x360.mp4"
"nzsl_online_ramp_6140_02","ramp","ramp / arawhata","Ramp","Arawhata","nzsl_online","https://www.nzsl.nz/signs/6140","CC BY-NC-SA 4.0","","6140_02","","starter_nzsl/data/raw/ramp/ramp.6140.finalexample1.jt.r480x360.mp4","true","codex_seed","Official NZSL Online entry 'ramp, (go) uphill'","batch_01_seed","https://nzsl-signbank-media-production.s3.amazonaws.com/glossvideo/6140/ramp.6140.finalexample1.jt.r480x360.mp4"
"nzsl_online_ramp_6140_03","ramp","ramp / arawhata","Ramp","Arawhata","nzsl_online","https://www.nzsl.nz/signs/6140","CC BY-NC-SA 4.0","","6140_03","","starter_nzsl/data/raw/ramp/ramp.6140.finalexample2.jt.r480x360.mp4","true","codex_seed","Official NZSL Online entry 'ramp, (go) uphill'","batch_01_seed","https://nzsl-signbank-media-production.s3.amazonaws.com/glossvideo/6140/ramp.6140.finalexample2.jt.r480x360.mp4"
"nzsl_online_sorry_1471_01","sorry","sorry / aroha mai","Sorry","Aroha mai","nzsl_online","https://www.nzsl.nz/signs/1471","CC BY-NC-SA 4.0","","1471_01","","starter_nzsl/data/raw/sorry/sorry.1471.main_glosses.sp.r480x360.mp4","true","codex_seed","Official NZSL Online entry 'sorry'","batch_02_seed","https://nzsl-signbank-media-production.s3.amazonaws.com/glossvideo/1471/sorry.1471.main_glosses.sp.r480x360.mp4"
"nzsl_online_sorry_1471_02","sorry","sorry / aroha mai","Sorry","Aroha mai","nzsl_online","https://www.nzsl.nz/signs/1471","CC BY-NC-SA 4.0","","1471_02","","starter_nzsl/data/raw/sorry/sorry.1471.finalexample1.sp.r480x360.mp4","true","codex_seed","Official NZSL Online entry 'sorry'","batch_02_seed","https://nzsl-signbank-media-production.s3.amazonaws.com/glossvideo/1471/sorry.1471.finalexample1.sp.r480x360.mp4"
"nzsl_online_sorry_1708_01","sorry","sorry / aroha mai","Sorry","Aroha mai","nzsl_online","https://www.nzsl.nz/signs/1708","CC BY-NC-SA 4.0","","1708_01","","starter_nzsl/data/raw/sorry/sorry.1708.main_glosses.sp.r480x360.mp4","true","codex_seed","Official NZSL Online entry 'sorry'","batch_02_seed","https://nzsl-signbank-media-production.s3.amazonaws.com/glossvideo/1708/sorry.1708.main_glosses.sp.r480x360.mp4"
"nzsl_online_sorry_1708_02","sorry","sorry / aroha mai","Sorry","Aroha mai","nzsl_online","https://www.nzsl.nz/signs/1708","CC BY-NC-SA 4.0","","1708_02","","starter_nzsl/data/raw/sorry/sorry.1708.finalexample1.sp.r480x360.mp4","true","codex_seed","Official NZSL Online entry 'sorry'","batch_02_seed","https://nzsl-signbank-media-production.s3.amazonaws.com/glossvideo/1708/sorry.1708.finalexample1.sp.r480x360.mp4"
"nzsl_online_sorry_3724_01","sorry","sorry / aroha mai","Sorry","Aroha mai","nzsl_online","https://www.nzsl.nz/signs/3724","CC BY-NC-SA 4.0","","3724_01","","starter_nzsl/data/raw/sorry/sorry.3724.main_glosses.mb.r480x360.mp4","true","codex_seed","Official NZSL Online entry 'sorry'","batch_02_seed","https://nzsl-signbank-media-production.s3.amazonaws.com/glossvideo/3724/sorry.3724.main_glosses.mb.r480x360.mp4"
"nzsl_online_sorry_3724_02","sorry","sorry / aroha mai","Sorry","Aroha mai","nzsl_online","https://www.nzsl.nz/signs/3724","CC BY-NC-SA 4.0","","3724_02","","starter_nzsl/data/raw/sorry/sorry.3724.finalexample1.mb.r480x360.mp4","true","codex_seed","Official NZSL Online entry 'sorry'","batch_02_seed","https://nzsl-signbank-media-production.s3.amazonaws.com/glossvideo/3724/sorry.3724.finalexample1.mb.r480x360.mp4"
"nzsl_online_station_2916_01","station","station / teihana","Station","Teihana","nzsl_online","https://www.nzsl.nz/signs/2916","CC BY-NC-SA 4.0","","2916_01","","starter_nzsl/data/raw/station/railway_station.2916.main_glosses.sp.r480x360.mp4","true","codex_seed","Official NZSL Online entry 'railway station'","batch_01_seed","https://nzsl-signbank-media-production.s3.amazonaws.com/glossvideo/2916/railway_station.2916.main_glosses.sp.r480x360.mp4"
"nzsl_online_station_2916_02","station","station / teihana","Station","Teihana","nzsl_online","https://www.nzsl.nz/signs/2916","CC BY-NC-SA 4.0","","2916_02","","starter_nzsl/data/raw/station/railway_station.2916.finalexample1.sp.r480x360.mp4","true","codex_seed","Official NZSL Online entry 'railway station'","batch_01_seed","https://nzsl-signbank-media-production.s3.amazonaws.com/glossvideo/2916/railway_station.2916.finalexample1.sp.r480x360.mp4"
"nzsl_online_stop_425_01","stop","stop / tauranga pahi","Stop / Bus stop","Tauranga pahi","nzsl_online","https://www.nzsl.nz/signs/425","CC BY-NC-SA 4.0","","425_01","","starter_nzsl/data/raw/stop/stop.425.main_glosses.vs.r480x360.mp4","true","codex_seed","Official NZSL Online entry 'stop'","batch_01_seed","https://nzsl-signbank-media-production.s3.amazonaws.com/glossvideo/425/stop.425.main_glosses.vs.r480x360.mp4"
"nzsl_online_stop_425_02","stop","stop / tauranga pahi","Stop / Bus stop","Tauranga pahi","nzsl_online","https://www.nzsl.nz/signs/425","CC BY-NC-SA 4.0","","425_02","","starter_nzsl/data/raw/stop/stop.425.finalexample1.vs.r480x360.mp4","true","codex_seed","Official NZSL Online entry 'stop'","batch_01_seed","https://nzsl-signbank-media-production.s3.amazonaws.com/glossvideo/425/stop.425.finalexample1.vs.r480x360.mp4"
"nzsl_online_stop_5971_01","stop","stop / tauranga pahi","Stop / Bus stop","Tauranga pahi","nzsl_online","https://www.nzsl.nz/signs/5971","CC BY-NC-SA 4.0","","5971_01","","starter_nzsl/data/raw/stop/stop.5971.main_glosses.mb.r480x360.mp4","true","codex_seed","Official NZSL Online entry 'stop'","batch_01_seed","https://nzsl-signbank-media-production.s3.amazonaws.com/glossvideo/5971/stop.5971.main_glosses.mb.r480x360.mp4"
"nzsl_online_stop_5971_02","stop","stop / tauranga pahi","Stop / Bus stop","Tauranga pahi","nzsl_online","https://www.nzsl.nz/signs/5971","CC BY-NC-SA 4.0","","5971_02","","starter_nzsl/data/raw/stop/stop.5971.finalexample1.mb.r480x360.mp4","true","codex_seed","Official NZSL Online entry 'stop'","batch_01_seed","https://nzsl-signbank-media-production.s3.amazonaws.com/glossvideo/5971/stop.5971.finalexample1.mb.r480x360.mp4"
"nzsl_online_stop_6376_01","stop","stop / tauranga pahi","Stop / Bus stop","Tauranga pahi","nzsl_online","https://www.nzsl.nz/signs/6376","CC BY-NC-SA 4.0","","6376_01","","starter_nzsl/data/raw/stop/bus_stop.6376.main_glosses.spa.r480x360.mp4","true","codex_seed","Official NZSL Online entry 'bus stop'","batch_01_seed","https://nzsl-signbank-media-production.s3.amazonaws.com/glossvideo/6376/bus_stop.6376.main_glosses.spa.r480x360.mp4"
"nzsl_online_stop_6376_02","stop","stop / tauranga pahi","Stop / Bus stop","Tauranga pahi","nzsl_online","https://www.nzsl.nz/signs/6376","CC BY-NC-SA 4.0","","6376_02","","starter_nzsl/data/raw/stop/bus_stop.6376.finalexample1.spa.r480x360.mp4","true","codex_seed","Official NZSL Online entry 'bus stop'","batch_01_seed","https://nzsl-signbank-media-production.s3.amazonaws.com/glossvideo/6376/bus_stop.6376.finalexample1.spa.r480x360.mp4"
"nzsl_online_taxi_3810_01","taxi","taxi / tekihi","Taxi","Tekihi","nzsl_online","https://www.nzsl.nz/signs/3810","CC BY-NC-SA 4.0","","3810_01","","starter_nzsl/data/raw/taxi/taxi.3810.main_glosses.spa.r480x360.mp4","true","codex_seed","Official NZSL Online entry 'taxi'","batch_01_seed","https://nzsl-signbank-media-production.s3.amazonaws.com/glossvideo/3810/taxi.3810.main_glosses.spa.r480x360.mp4"
"nzsl_online_taxi_3810_02","taxi","taxi / tekihi","Taxi","Tekihi","nzsl_online","https://www.nzsl.nz/signs/3810","CC BY-NC-SA 4.0","","3810_02","","starter_nzsl/data/raw/taxi/taxi.3810.finalexample1.spa.r480x360.mp4","true","codex_seed","Official NZSL Online entry 'taxi'","batch_01_seed","https://nzsl-signbank-media-production.s3.amazonaws.com/glossvideo/3810/taxi.3810.finalexample1.spa.r480x360.mp4"
"nzsl_online_thank_you_1015_01","thank_you","thank you / mihi","Thank you","Mihi","nzsl_online","https://www.nzsl.nz/signs/1015","CC BY-NC-SA 4.0","","1015_01","","starter_nzsl/data/raw/thank_you/thank.1015.main_glosses.vs.r480x360.mp4","true","codex_seed","Official NZSL Online entry 'thank'","batch_01_seed","https://nzsl-signbank-media-production.s3.amazonaws.com/glossvideo/1015/thank.1015.main_glosses.vs.r480x360.mp4"
"nzsl_online_thank_you_1015_02","thank_you","thank you / mihi","Thank you","Mihi","nzsl_online","https://www.nzsl.nz/signs/1015","CC BY-NC-SA 4.0","","1015_02","","starter_nzsl/data/raw/thank_you/thank.1015.finalexample1.vs.r480x360.mp4","true","codex_seed","Official NZSL Online entry 'thank'","batch_01_seed","https://nzsl-signbank-media-production.s3.amazonaws.com/glossvideo/1015/thank.1015.finalexample1.vs.r480x360.mp4"
"nzsl_online_ticket_4472_01","ticket","ticket / tikiti","Ticket","Tikiti","nzsl_online","https://www.nzsl.nz/signs/4472","CC BY-NC-SA 4.0","","4472_01","","starter_nzsl/data/raw/ticket/ticket.4472.main_glosses.mb.r480x360.mp4","true","codex_seed","Official NZSL Online entry 'ticket'","batch_02_seed","https://nzsl-signbank-media-production.s3.amazonaws.com/glossvideo/4472/ticket.4472.main_glosses.mb.r480x360.mp4"
"nzsl_online_ticket_4472_02","ticket","ticket / tikiti","Ticket","Tikiti","nzsl_online","https://www.nzsl.nz/signs/4472","CC BY-NC-SA 4.0","","4472_02","","starter_nzsl/data/raw/ticket/ticket.4472.finalexample1.mb.r480x360.mp4","true","codex_seed","Official NZSL Online entry 'ticket'","batch_02_seed","https://nzsl-signbank-media-production.s3.amazonaws.com/glossvideo/4472/ticket.4472.finalexample1.mb.r480x360.mp4"
"nzsl_online_train_2827_01","train","train / tereina","Train","Tereina","nzsl_online","https://www.nzsl.nz/signs/2827","CC BY-NC-SA 4.0","","2827_01","","starter_nzsl/data/raw/train/train.2827.main_glosses.vs.r480x360.mp4","true","codex_seed","Official NZSL Online entry 'train'","batch_01_seed","https://nzsl-signbank-media-production.s3.amazonaws.com/glossvideo/2827/train.2827.main_glosses.vs.r480x360.mp4"
"nzsl_online_train_2827_02","train","train / tereina","Train","Tereina","nzsl_online","https://www.nzsl.nz/signs/2827","CC BY-NC-SA 4.0","","2827_02","","starter_nzsl/data/raw/train/train.2827.finalexample1.vs.r480x360.mp4","true","codex_seed","Official NZSL Online entry 'train'","batch_01_seed","https://nzsl-signbank-media-production.s3.amazonaws.com/glossvideo/2827/train.2827.finalexample1.vs.r480x360.mp4"
"nzsl_online_train_2926_01","train","train / tereina","Train","Tereina","nzsl_online","https://www.nzsl.nz/signs/2926","CC BY-NC-SA 4.0","","2926_01","","starter_nzsl/data/raw/train/train.2926.main_glosses.mb.r480x360.mp4","true","codex_seed","Official NZSL Online entry 'train'","batch_01_seed","https://nzsl-signbank-media-production.s3.amazonaws.com/glossvideo/2926/train.2926.main_glosses.mb.r480x360.mp4"
"nzsl_online_train_2926_02","train","train / tereina","Train","Tereina","nzsl_online","https://www.nzsl.nz/signs/2926","CC BY-NC-SA 4.0","","2926_02","","starter_nzsl/data/raw/train/train.2926.finalexample1.mb.r480x360.mp4","true","codex_seed","Official NZSL Online entry 'train'","batch_01_seed","https://nzsl-signbank-media-production.s3.amazonaws.com/glossvideo/2926/train.2926.finalexample1.mb.r480x360.mp4"
"nzsl_online_train_3592_01","train","train / tereina","Train","Tereina","nzsl_online","https://www.nzsl.nz/signs/3592","CC BY-NC-SA 4.0","","3592_01","","starter_nzsl/data/raw/train/train.3592.main_glosses.vs.r480x360.mp4","true","codex_seed","Official NZSL Online entry 'train'","batch_01_seed","https://nzsl-signbank-media-production.s3.amazonaws.com/glossvideo/3592/train.3592.main_glosses.vs.r480x360.mp4"
"nzsl_online_train_3592_02","train","train / tereina","Train","Tereina","nzsl_online","https://www.nzsl.nz/signs/3592","CC BY-NC-SA 4.0","","3592_02","","starter_nzsl/data/raw/train/train.3592.finalexample1.vs.r480x360.mp4","true","codex_seed","Official NZSL Online entry 'train'","batch_01_seed","https://nzsl-signbank-media-production.s3.amazonaws.com/glossvideo/3592/train.3592.finalexample1.vs.r480x360.mp4"
"nzsl_online_train_5934_01","train","train / tereina","Train","Tereina","nzsl_online","https://www.nzsl.nz/signs/5934","CC BY-NC-SA 4.0","","5934_01","","starter_nzsl/data/raw/train/train.5934.main_glosses.mb.r480x360.mp4","true","codex_seed","Official NZSL Online entry 'train'","batch_01_seed","https://nzsl-signbank-media-production.s3.amazonaws.com/glossvideo/5934/train.5934.main_glosses.mb.r480x360.mp4"
"nzsl_online_train_5934_02","train","train / tereina","Train","Tereina","nzsl_online","https://www.nzsl.nz/signs/5934","CC BY-NC-SA 4.0","","5934_02","","starter_nzsl/data/raw/train/train.5934.finalexample1.mb.r480x360.mp4","true","codex_seed","Official NZSL Online entry 'train'","batch_01_seed","https://nzsl-signbank-media-production.s3.amazonaws.com/glossvideo/5934/train.5934.finalexample1.mb.r480x360.mp4"
"nzsl_online_truck_8995_01","truck","truck / taraka","Truck","Taraka","nzsl_online","https://www.nzsl.nz/signs/8995","CC BY-NC-SA 4.0","","8995_01","","starter_nzsl/data/raw/truck/truck.8995.main_glosses.cd.r480x360.mp4","true","codex_seed","Official NZSL Online entry 'truck'","batch_02_seed","https://nzsl-signbank-media-production.s3.amazonaws.com/truck.8995.main_glosses.cd.r480x360.mp4"
"nzsl_online_truck_8995_02","truck","truck / taraka","Truck","Taraka","nzsl_online","https://www.nzsl.nz/signs/8995","CC BY-NC-SA 4.0","","8995_02","","starter_nzsl/data/raw/truck/truck.8995.finalexample1.cd.r480x360.mp4","true","codex_seed","Official NZSL Online entry 'truck'","batch_02_seed","https://nzsl-signbank-media-production.s3.amazonaws.com/truck.8995.finalexample1.cd.r480x360.mp4"
"nzsl_online_wait_3518_01","wait","wait / tatari","Wait","Tatari","nzsl_online","https://www.nzsl.nz/signs/3518","CC BY-NC-SA 4.0","","3518_01","","starter_nzsl/data/raw/wait/wait.3518.main_glosses.mb.r480x360.mp4","true","codex_seed","Official NZSL Online entry 'wait'","batch_02_seed","https://nzsl-signbank-media-production.s3.amazonaws.com/glossvideo/3518/wait.3518.main_glosses.mb.r480x360.mp4"
"nzsl_online_wait_3518_02","wait","wait / tatari","Wait","Tatari","nzsl_online","https://www.nzsl.nz/signs/3518","CC BY-NC-SA 4.0","","3518_02","","starter_nzsl/data/raw/wait/wait.3518.finalexample1.mb.r480x360.mp4","true","codex_seed","Official NZSL Online entry 'wait'","batch_02_seed","https://nzsl-signbank-media-production.s3.amazonaws.com/glossvideo/3518/wait.3518.finalexample1.mb.r480x360.mp4"
"nzsl_online_wait_404_01","wait","wait / tatari","Wait","Tatari","nzsl_online","https://www.nzsl.nz/signs/404","CC BY-NC-SA 4.0","","404_01","","starter_nzsl/data/raw/wait/wait.404.main_glosses.mb.r480x360.mp4","true","codex_seed","Official NZSL Online entry 'wait'","batch_02_seed","https://nzsl-signbank-media-production.s3.amazonaws.com/glossvideo/404/wait.404.main_glosses.mb.r480x360.mp4"
"nzsl_online_wait_404_02","wait","wait / tatari","Wait","Tatari","nzsl_online","https://www.nzsl.nz/signs/404","CC BY-NC-SA 4.0","","404_02","","starter_nzsl/data/raw/wait/wait.404.finalexample1.mb.r480x360.mp4","true","codex_seed","Official NZSL Online entry 'wait'","batch_02_seed","https://nzsl-signbank-media-production.s3.amazonaws.com/glossvideo/404/wait.404.finalexample1.mb.r480x360.mp4"
"nzsl_online_wait_909_01","wait","wait / tatari","Wait","Tatari","nzsl_online","https://www.nzsl.nz/signs/909","CC BY-NC-SA 4.0","","909_01","","starter_nzsl/data/raw/wait/wait.909.main_glosses.mb.r480x360.mp4","true","codex_seed","Official NZSL Online entry 'wait'","batch_02_seed","https://nzsl-signbank-media-production.s3.amazonaws.com/glossvideo/909/wait.909.main_glosses.mb.r480x360.mp4"
"nzsl_online_wait_909_02","wait","wait / tatari","Wait","Tatari","nzsl_online","https://www.nzsl.nz/signs/909","CC BY-NC-SA 4.0","","909_02","","starter_nzsl/data/raw/wait/wait.909.finalexample1.mb.r480x360.mp4","true","codex_seed","Official NZSL Online entry 'wait'","batch_02_seed","https://nzsl-signbank-media-production.s3.amazonaws.com/glossvideo/909/wait.909.finalexample1.mb.r480x360.mp4"
"nzsl_online_walk_2883_01","walk","walk / hikoi","Walk","Hikoi","nzsl_online","https://www.nzsl.nz/signs/2883","CC BY-NC-SA 4.0","","2883_01","","starter_nzsl/data/raw/walk/walk.2883.main_glosses.mb.r480x360.mp4","true","codex_seed","Official NZSL Online entry 'walk'","batch_01_seed","https://nzsl-signbank-media-production.s3.amazonaws.com/glossvideo/2883/walk.2883.main_glosses.mb.r480x360.mp4"
"nzsl_online_walk_2883_02","walk","walk / hikoi","Walk","Hikoi","nzsl_online","https://www.nzsl.nz/signs/2883","CC BY-NC-SA 4.0","","2883_02","","starter_nzsl/data/raw/walk/walk.2883.finalexample1.mb.r480x360.mp4","true","codex_seed","Official NZSL Online entry 'walk'","batch_01_seed","https://nzsl-signbank-media-production.s3.amazonaws.com/glossvideo/2883/walk.2883.finalexample1.mb.r480x360.mp4"
"nzsl_online_walk_4993_01","walk","walk / hikoi","Walk","Hikoi","nzsl_online","https://www.nzsl.nz/signs/4993","CC BY-NC-SA 4.0","","4993_01","","starter_nzsl/data/raw/walk/walk.4993.main_glosses.mb.r480x360.mp4","true","codex_seed","Official NZSL Online entry 'walk'","batch_01_seed","https://nzsl-signbank-media-production.s3.amazonaws.com/glossvideo/4993/walk.4993.main_glosses.mb.r480x360.mp4"
"nzsl_online_walk_4993_02","walk","walk / hikoi","Walk","Hikoi","nzsl_online","https://www.nzsl.nz/signs/4993","CC BY-NC-SA 4.0","","4993_02","","starter_nzsl/data/raw/walk/walk.4993.finalexample1.mb.r480x360.mp4","true","codex_seed","Official NZSL Online entry 'walk'","batch_01_seed","https://nzsl-signbank-media-production.s3.amazonaws.com/glossvideo/4993/walk.4993.finalexample1.mb.r480x360.mp4"
"nzsl_online_wheelchair_3972_01","wheelchair","wheelchair / turu wira","Wheelchair","Turu wira","nzsl_online","https://www.nzsl.nz/signs/3972","CC BY-NC-SA 4.0","","3972_01","","starter_nzsl/data/raw/wheelchair/paraplegic.3972.main_glosses.mb.r480x360.mp4","true","codex_seed","Official NZSL Online entry 'wheelchair'","batch_01_seed","https://nzsl-signbank-media-production.s3.amazonaws.com/glossvideo/3972/paraplegic.3972.main_glosses.mb.r480x360.mp4"
"nzsl_online_wheelchair_3972_02","wheelchair","wheelchair / turu wira","Wheelchair","Turu wira","nzsl_online","https://www.nzsl.nz/signs/3972","CC BY-NC-SA 4.0","","3972_02","","starter_nzsl/data/raw/wheelchair/paraplegic.3972.finalexample1.mb.r480x360.mp4","true","codex_seed","Official NZSL Online entry 'wheelchair'","batch_01_seed","https://nzsl-signbank-media-production.s3.amazonaws.com/glossvideo/3972/paraplegic.3972.finalexample1.mb.r480x360.mp4"
"nzsl_online_wheelchair_5990_01","wheelchair","wheelchair / turu wira","Wheelchair","Turu wira","nzsl_online","https://www.nzsl.nz/signs/5990","CC BY-NC-SA 4.0","","5990_01","","starter_nzsl/data/raw/wheelchair/wheelchair.5990.main_glosses.sp.r480x360.mp4","true","codex_seed","Official NZSL Online entry 'wheelchair'","batch_01_seed","https://nzsl-signbank-media-production.s3.amazonaws.com/glossvideo/5990/wheelchair.5990.main_glosses.sp.r480x360.mp4"
"nzsl_online_wheelchair_5990_02","wheelchair","wheelchair / turu wira","Wheelchair","Turu wira","nzsl_online","https://www.nzsl.nz/signs/5990","CC BY-NC-SA 4.0","","5990_02","","starter_nzsl/data/raw/wheelchair/wheelchair.5990.finalexample1.sp.r480x360.mp4","true","codex_seed","Official NZSL Online entry 'wheelchair'","batch_01_seed","https://nzsl-signbank-media-production.s3.amazonaws.com/glossvideo/5990/wheelchair.5990.finalexample1.sp.r480x360.mp4"
"nzsl_online_when_1338_01","when","when / awhea","When","Awhea","nzsl_online","https://www.nzsl.nz/signs/1338","CC BY-NC-SA 4.0","","1338_01","","starter_nzsl/data/raw/when/when.1338.main_glosses.mb.r480x360.mp4","true","codex_seed","Official NZSL Online entry 'when'","batch_02_seed","https://nzsl-signbank-media-production.s3.amazonaws.com/glossvideo/1338/when.1338.main_glosses.mb.r480x360.mp4"
"nzsl_online_when_1338_02","when","when / awhea","When","Awhea","nzsl_online","https://www.nzsl.nz/signs/1338","CC BY-NC-SA 4.0","","1338_02","","starter_nzsl/data/raw/when/when.1338.finalexample1.mb.r480x360.mp4","true","codex_seed","Official NZSL Online entry 'when'","batch_02_seed","https://nzsl-signbank-media-production.s3.amazonaws.com/glossvideo/1338/when.1338.finalexample1.mb.r480x360.mp4"
"nzsl_online_when_1338_03","when","when / awhea","When","Awhea","nzsl_online","https://www.nzsl.nz/signs/1338","CC BY-NC-SA 4.0","","1338_03","","starter_nzsl/data/raw/when/when.1338.finalexample2.mb.r480x360.mp4","true","codex_seed","Official NZSL Online entry 'when'","batch_02_seed","https://nzsl-signbank-media-production.s3.amazonaws.com/glossvideo/1338/when.1338.finalexample2.mb.r480x360.mp4"
"nzsl_online_where_1544_01","where","where / kei hea","Where","Kei hea","nzsl_online","https://www.nzsl.nz/signs/1544","CC BY-NC-SA 4.0","","1544_01","","starter_nzsl/data/raw/where/where.1544.main_glosses.mb.r480x360.mp4","true","codex_seed","Official NZSL Online entry 'where'","batch_02_seed","https://nzsl-signbank-media-production.s3.amazonaws.com/glossvideo/1544/where.1544.main_glosses.mb.r480x360.mp4"
"nzsl_online_where_1544_02","where","where / kei hea","Where","Kei hea","nzsl_online","https://www.nzsl.nz/signs/1544","CC BY-NC-SA 4.0","","1544_02","","starter_nzsl/data/raw/where/where.1544.finalexample1.mb.r480x360.mp4","true","codex_seed","Official NZSL Online entry 'where'","batch_02_seed","https://nzsl-signbank-media-production.s3.amazonaws.com/glossvideo/1544/where.1544.finalexample1.mb.r480x360.mp4"
"nzsl_online_yes_3236_01","yes","yes / ae","Yes","Ae","nzsl_online","https://www.nzsl.nz/signs/3236","CC BY-NC-SA 4.0","","3236_01","","starter_nzsl/data/raw/yes/yes.3236.main_glosses.mb.r480x360.mp4","true","codex_seed","Official NZSL Online entry 'yes'","batch_02_seed","https://nzsl-signbank-media-production.s3.amazonaws.com/glossvideo/3236/yes.3236.main_glosses.mb.r480x360.mp4"
"nzsl_online_yes_3236_02","yes","yes / ae","Yes","Ae","nzsl_online","https://www.nzsl.nz/signs/3236","CC BY-NC-SA 4.0","","3236_02","","starter_nzsl/data/raw/yes/yes.3236.finalexample1.mb.r480x360.mp4","true","codex_seed","Official NZSL Online entry 'yes'","batch_02_seed","https://nzsl-signbank-media-production.s3.amazonaws.com/glossvideo/3236/yes.3236.finalexample1.mb.r480x360.mp4"
